{
  "case_count": 115,
  "ensemble_size": 1,
  "gpu_peak_memory_mb": {
    "count": 95,
    "max": 1915.87,
    "mean": 1915.87,
    "min": 1915.87,
    "std": 0.0
  },
  "runtime_sec": {
    "count": 115,
    "max": 189.4243,
    "mean": 146.04815913043478,
    "min": 0.0,
    "std": 67.31810359766753
  },
  "sampling_method": "ddim",
  "sampling_steps": 250
}
