{
  "case_count": 115,
  "ensemble_size": 5,
  "gpu_peak_memory_mb": {
    "count": 91,
    "max": 7754.15,
    "mean": 7754.15,
    "min": 7754.15,
    "std": 0.0
  },
  "runtime_sec": {
    "count": 115,
    "max": 19.5455,
    "mean": 14.614646086956522,
    "min": 0.0,
    "std": 7.53895212404528
  },
  "sampling_method": "ddim",
  "sampling_steps": 25
}
