{
  "case_count": 115,
  "ensemble_size": 3,
  "gpu_peak_memory_mb": {
    "count": 79,
    "max": 4835.4,
    "mean": 4835.4,
    "min": 4835.4,
    "std": 0.0
  },
  "runtime_sec": {
    "count": 115,
    "max": 36.9143,
    "mean": 24.93284695652174,
    "min": 0.0,
    "std": 16.904808157088066
  },
  "sampling_method": "ddim",
  "sampling_steps": 50
}
